{
    "avg_await": 369.85993902439026,
    "avg_queue": 102.65134146341465,
    "avg_util": 88.95963414634147,
    "avg_iops": 1466.0567073170732,
    "avg_throughput_kBps": 6495.906341463414,
    "avg_iowait": 46.146341463414636,
    "avg_req_size": 12.350609756097562,
    "write_ratio": 0.2847342401540924,
    "top_io_process": "node",
    "top_io_kB": 2355211376.0,
    "psi_some_avg10": 64.70691358024692,
    "disk_pressure_score": 79.65394369165915
}