{
    "avg_await": 42.45766666666667,
    "avg_queue": 109.51449999999998,
    "avg_util": 88.5226666666667,
    "avg_iops": 1847.7396666666668,
    "avg_throughput_kBps": 8118.272,
    "avg_iowait": 46.78333333333333,
    "avg_req_size": 8.1375,
    "write_ratio": 0.005801803048419424,
    "top_io_process": "node",
    "top_io_kB": 1091528572.0,
    "psi_some_avg10": 56.169999999999995,
    "disk_pressure_score": 80.00181666666667
}