{
    "avg_await": 151.93283333333332,
    "avg_queue": 230.2253333333333,
    "avg_util": 89.12788888888889,
    "avg_iops": 2118.727888888889,
    "avg_throughput_kBps": 8683.292444444443,
    "avg_iowait": 18.647727272727273,
    "avg_req_size": 5.036777777777778,
    "write_ratio": 0.0022627397235656186,
    "top_io_process": "node",
    "top_io_kB": 2624398021.06,
    "psi_some_avg10": 46.29563636363636,
    "disk_pressure_score": 108.79463939393938
}