{
    "avg_await": 279.3426804123711,
    "avg_queue": 232.16432989690725,
    "avg_util": 91.80577319587628,
    "avg_iops": 1433.3715463917524,
    "avg_throughput_kBps": 6102.301030927836,
    "avg_iowait": 20.927083333333332,
    "avg_req_size": 6.485154639175257,
    "write_ratio": 0.2892863076387813,
    "top_io_process": "node",
    "top_io_kB": 2828952976.0,
    "psi_some_avg10": 32.35515789473684,
    "disk_pressure_score": 107.8474791734491
}